{  "_id" : ObjectId("636d107a615f89c02f4a9a3e"),  "correo" : "correo1@correo.com",  "mensaje" : "hola soy el mensaje 1",  "createdAt" : "2022/11/10 15:30:00" },
{  "_id" : ObjectId("636d107a615f89c02f4a9a3f"),  "correo" : "correo2@correo.com",  "mensaje" : "hola soy el mensaje 2",  "createdAt" : "2022/11/10 15:30:00" },
{  "_id" : ObjectId("636d107a615f89c02f4a9a40"),  "correo" : "correo3@correo.com",  "mensaje" : "hola soy el mensaje 3",  "createdAt" : "2022/11/10 15:30:00" },
{  "_id" : ObjectId("636d107a615f89c02f4a9a41"),  "correo" : "correo4@correo.com",  "mensaje" : "hola soy el mensaje 4",  "createdAt" : "2022/11/10 15:30:00" },
{  "_id" : ObjectId("636d107a615f89c02f4a9a42"),  "correo" : "correo5@correo.com",  "mensaje" : "hola soy el mensaje 5",  "createdAt" : "2022/11/10 15:30:00" },
{  "_id" : ObjectId("636d107a615f89c02f4a9a43"),  "correo" : "correo6@correo.com",  "mensaje" : "hola soy el mensaje 6",  "createdAt" : "2022/11/10 15:30:00" },
{  "_id" : ObjectId("636d107a615f89c02f4a9a44"),  "correo" : "correo7@correo.com",  "mensaje" : "hola soy el mensaje 7",  "createdAt" : "2022/11/10 15:30:00" },
{  "_id" : ObjectId("636d107a615f89c02f4a9a45"),  "correo" : "correo8@correo.com",  "mensaje" : "hola soy el mensaje 8",  "createdAt" : "2022/11/10 15:30:00" },
{  "_id" : ObjectId("636d107a615f89c02f4a9a46"),  "correo" : "correo9@correo.com",  "mensaje" : "hola soy el mensaje 9",  "createdAt" : "2022/11/10 15:30:00" },
{  "_id" : ObjectId("636d107a615f89c02f4a9a47"),  "correo" : "correo10@correo.com",  "mensaje" : "hola soy el mensaje 10",  "createdAt" : "2022/11/10 15:30:00" }