{  "_id" : ObjectId("636d10e6615f89c02f4a9a48"),  "title" : "Producto 1",  "price" : 120,  "thumbnail" : "https://1drv.ms/u/s!AoUMMVTFg46tnP86c7sV3t5n8jYOrg?e=LOhY3J" },
{  "_id" : ObjectId("636d10e6615f89c02f4a9a49"),  "title" : "Producto 2",  "price" : 258,  "thumbnail" : "https://1drv.ms/u/s!AoUMMVTFg46tnP86c7sV3t5n8jYOrg?e=LOhY3J" },
{  "_id" : ObjectId("636d10e6615f89c02f4a9a4a"),  "title" : "Producto 3",  "price" : 900,  "thumbnail" : "https://1drv.ms/u/s!AoUMMVTFg46tnP86c7sV3t5n8jYOrg?e=LOhY3J" },
{  "_id" : ObjectId("636d10e6615f89c02f4a9a4b"),  "title" : "Producto 4",  "price" : 1280,  "thumbnail" : "https://1drv.ms/u/s!AoUMMVTFg46tnP86c7sV3t5n8jYOrg?e=LOhY3J" },
{  "_id" : ObjectId("636d10e6615f89c02f4a9a4c"),  "title" : "Producto 5",  "price" : 1700,  "thumbnail" : "https://1drv.ms/u/s!AoUMMVTFg46tnP86c7sV3t5n8jYOrg?e=LOhY3J" },
{  "_id" : ObjectId("636d10e6615f89c02f4a9a4d"),  "title" : "Producto 6",  "price" : 2300,  "thumbnail" : "https://1drv.ms/u/s!AoUMMVTFg46tnP86c7sV3t5n8jYOrg?e=LOhY3J" },
{  "_id" : ObjectId("636d10e6615f89c02f4a9a4e"),  "title" : "Producto 7",  "price" : 2860,  "thumbnail" : "https://1drv.ms/u/s!AoUMMVTFg46tnP86c7sV3t5n8jYOrg?e=LOhY3J" },
{  "_id" : ObjectId("636d10e6615f89c02f4a9a4f"),  "title" : "Producto 8",  "price" : 3350,  "thumbnail" : "https://1drv.ms/u/s!AoUMMVTFg46tnP86c7sV3t5n8jYOrg?e=LOhY3J" },
{  "_id" : ObjectId("636d10e6615f89c02f4a9a50"),  "title" : "Producto 9",  "price" : 4320,  "thumbnail" : "https://1drv.ms/u/s!AoUMMVTFg46tnP86c7sV3t5n8jYOrg?e=LOhY3J" },
{  "_id" : ObjectId("636d10e6615f89c02f4a9a51"),  "title" : "Producto 10",  "price" : 4990,  "thumbnail" : "https://1drv.ms/u/s!AoUMMVTFg46tnP86c7sV3t5n8jYOrg?e=LOhY3J" },
{  "_id" : ObjectId("636d130a615f89c02f4a9a52"),  "title" : "Producto 11",  "price" : 4995,  "thumbnail" : "https://1drv.ms/u/s!AoUMMVTFg46tnP86c7sV3t5n8jYOrg?e=LOhY3J" }